{
  "client_id": "198541944098-m3l83p3dp11j9e38aekjuj22251nur1p.apps.googleusercontent.com",
  "project_id": "model-gearing-375004",
  "auth_uri": "https://accounts.google.com/o/oauth2/auth",
  "token_uri": "https://oauth2.googleapis.com/token",
  "auth_provider_x509_cert_url": "https://www.googleapis.com/oauth2/v1/certs",
  "client_secret": "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",
  "redirect_uris": [
    "http://127.0.0.1:8000/accounts/google/login/callback/",
    "http://localhost:8000/accounts/google/login/callback/"
  ],
  "javascript_origins": ["http://127.0.0.1:8000", "http://localhost:8000"]
}
